merged_parish_code,merged_parish_name,municipality,component_1_code,component_1_name,component_2_code,component_2_name,component_3_code,component_3_name,component_4_code,component_4_name
010706,Uf Anta e Guetim,Espinho,010707,Anta,010708,Guetim,,,,
010932,Caldas de São Jorge e de Pigeiros,Santa Maria da Feira,010937,Caldas de São Jorge,010944,Pigeiros,,,,
010933,"Canedo, Vale e Vila Maior",Santa Maria da Feira,010938,Canedo,010946,Vale,010947,Vila Maior,,
010934,Uf Lobao Giao Louredo Guisande,Santa Maria da Feira,010941,Lobão,010939,Gião,010942,Louredo,010940,Guisande
010936,São Miguel de Souto e Mosteirô,Santa Maria da Feira,010945,São Miguel de Souto,010943,Mosteirô,,,,
011320,Nogueira do Cravo e Pindelo,Oliveira de Azeméis,011323,Nogueira do Cravo,011324,Pindelo,,,,
130811,"Custóias, Leça do Balio e Guifões",Matosinhos,130815,Custóias,130819,Leça do Balio,130816,Guifões,,
130812,Matosinhos e Leça da Palmeira,Matosinhos,130820,Matosinhos,130818,Leça da Palmeira,,,,
130813,"Perafita, Lavra e Santa Cruz do Bispo",Matosinhos,130821,Perafita,130817,Lavra,130822,Santa Cruz do Bispo,,
130814,São Mamede de Infesta e Senhora da Hora,Matosinhos,130823,São Mamede de Infesta,130824,Senhora da Hora,,,,
131313,"Aver-O-Mar, Amorim e Terroso",Póvoa de Varzim,131319,Aver-o-Mar,131317,Amorim,131323,Terroso,,
131314,Aguçadoura e Navais,Póvoa de Varzim,131316,Aguçadoura,131321,Navais,,,,
131315,"Póvoa de Varzim, Beiriz e Argivai",Póvoa de Varzim,131322,Póvoa de Varzim,131320,Beiriz,131318,Argivai,,
131506,Campo e Sobrado,Valongo,131507,Campo,131508,Sobrado,,,,
131632,Uf Fornelo e Vairao,Vila do Conde,131640,Fornelo,131645,Vairão,,,,
131633,Uf Malta e Canidelo,Vila do Conde,131641,Malta,131639,Canidelo,,,,
131634,Uf Retorta e Tougues,Vila do Conde,131642,Retorta,131644,Tougues,,,,
131635,Uf Rio Mau e Arcos,Vila do Conde,131643,Rio Mau,131638,Arcos,,,,
131725,Grijó e Sermonde,Vila Nova de Gaia,131733,Grijó,131744,Sermonde,,,,
131726,Uf Gulpilhares e Valadares,Vila Nova de Gaia,131734,Gulpilhares,131746,Valadares,,,,
131727,Mafamude e Vilar do Paraíso,Vila Nova de Gaia,131736,Mafamude,131747,Vilar do Paraíso,,,,
131728,Pedroso e Seixezelo,Vila Nova de Gaia,131738,Pedroso,131743,Seixezelo,,,,
131729,"Sandim, Olival, Lever e Crestuma",Vila Nova de Gaia,131740,Sandim,131737,Olival,131735,Lever,131732,Crestuma
131730,Santa Marinha e São Pedro da Afurada,Vila Nova de Gaia,131741,Santa Marinha,131742,São Pedro da Afurada,,,,
131731,Serzedo e Perosinho,Vila Nova de Gaia,131745,Serzedo,131739,Perosinho,,,,
131809,Uf Alvarelhos e Guidoes,Trofa,131812,Alvarelhos,131813,Guidões,,,,
